"","player_id","xG_sum_l","xG_sum_r","xG_sum_h","goal_count_l","goal_count_r","goal_count_h","shots_count_l","shots_count_r","shots_count_h","player","difference_shots","difference_goals","difference","xG_sum","goal_sum","shot_sum","goal_for_shot"
"1",8,0.0176347624510527,0.0219424422830343,0,0,0,0,1,1,0,"Jérôme Gondorf",0.492857142857143,0.285714285714286,0.0129717071325647,0.039577204734087,0,2,Inf
"2",21,0.0924672335386276,0.101923679001629,0.0200011916458607,0,0,0,1,2,1,"Sebastian Langkamp",0.5,0.285714285714286,0.0129717071325647,0.214392104186118,0,4,Inf
"3",22,0.139637246727943,0.164175849407911,0.604754206724465,0,0,0,1,3,9,"John Brooks",0.507142857142857,0.285714285714286,0.0935403103935281,0.90856730286032,0,13,Inf
"4",27,0.905721643939614,2.08738788124174,0.0839083045721054,0,3,0,14,27,2,"Vladimir Darida",0.585714285714286,0.392857142857143,0.280920579884407,3.07701782975346,3,43,14.3333333333333
"5",29,0.98768924176693,3.99965705163777,1.35499599575996,1,4,2,3,19,6,"Vedad Ibisevic",0.607142857142857,0.392857142857143,0.191085178251657,6.34234228916466,7,28,4
"6",38,0.360710267908871,1.78882290050387,0,1,1,0,2,22,0,"Daniel Brosinski",0.635714285714286,0.285714285714286,0.273330829864224,2.14953316841274,2,24,12
"7",42,0.836203292012215,0.548577835783362,0.7666185060516,1,1,0,3,4,10,"Julian Baumgartlinger",0.5,0.285714285714286,0.0850611720770429,2.15139963384718,2,17,8.5
"8",43,0.0865331329405308,0.906905362382531,0.122464798390865,0,0,0,3,11,2,"Danny Latza",0.55,0.285714285714286,0.110830314323795,1.11590329371393,0,16,Inf
"9",45,0.478314645588398,0.627672066912055,0.139882888644934,0,0,0,3,7,2,"Yunus Malli",0.521428571428571,0.285714285714286,0.0594438298277764,1.24586960114539,0,12,Inf
"10",48,2.32411566562951,3.65596134960651,2.35460420511663,4,6,3,11,31,18,"Jhon Córdoba",0.635714285714286,0.357142857142857,0.228021802583232,8.33468122035265,13,60,4.61538461538461
"11",60,1.18603128567338,0.688432606868446,0.957379501312971,2,1,0,11,16,8,"Christian Gentner",0.528571428571429,0.25,0.0908019499279531,2.8318433938548,3,35,11.6666666666667
"12",62,0.0829380620270967,0.0284304618835449,0.0695086847990751,0,0,0,2,1,2,"Lukas Rupp",0.485714285714286,0.285714285714286,0.0129717071325647,0.180877208709717,0,5,Inf
"13",64,4.15352778881788,1.5064166970551,0.0199970938265324,2,2,0,78,9,1,"Filip Kostic",0,0.285714285714286,0.951189731211342,5.67994157969952,4,88,22
"14",65,4.13316068798304,18.3303203368559,0.985015148296952,5,23,0,21,92,10,"Timo Werner",1,0.928571428571429,1,23.4484961731359,28,123,4.39285714285714
"15",74,0.17260430753231,1.52439193800092,1.3434345703572,0,1,1,2,13,13,"Pavel Kaderábek",0.571428571428571,0.321428571428571,0.142688778458212,3.04043081589043,2,28,14
"16",81,0.446373353712261,2.55073330365121,0,1,4,0,6,37,0,"Jonathan Schmid",0.714285714285714,0.392857142857143,0.446158844985477,2.99710665736347,5,43,8.6
"17",82,0.667107289656997,1.60416421713307,0,0,1,0,6,36,0,"Nadiem Amiri",0.707142857142857,0.321428571428571,0.433340452186571,2.27127150679007,1,42,42
"18",83,4.54449972510338,3.95997497998178,3.32391787320375,4,4,2,43,20,14,"Kevin Volland",0.328571428571429,0.285714285714286,0.343933751921675,11.8283925782889,10,77,7.7
"19",88,4.64387584850192,1.88058096915483,1.30524199455976,4,1,0,33,8,10,"Mark Uth",0.314285714285714,0.178571428571429,0.312130649977257,7.82969881221652,5,51,10.2
"20",90,0.0495399031788111,0.865987142082304,0.0719580799341202,1,0,0,2,22,1,"Sebastian Rudy",0.635714285714286,0.25,0.266157177768712,0.987485125195235,1,25,25
"21",98,1.37337334826589,2.03377331793308,0.817094697616994,1,4,1,11,16,5,"Kenan Karaman",0.528571428571429,0.392857142857143,0.123742199430533,4.22424136381596,6,32,5.33333333333333
"22",114,0.0135187674313784,0.0757969859987497,0.0642045801505446,0,0,0,1,2,2,"Philipp Bargfrede",0.5,0.285714285714286,0.0129717071325647,0.153520333580673,0,5,Inf
"23",115,0.0786538273096085,0.137398594990373,0.016286663711071,0,0,0,1,5,1,"Fin Bartels",0.521428571428571,0.285714285714286,0.0518868285302589,0.232339086011052,0,7,Inf
"24",116,0.0708486810326576,0.783255439251661,0.253616578876972,0,0,0,1,13,3,"Florian Grillitsch",0.578571428571429,0.285714285714286,0.144446817395524,1.10772069916129,0,17,Inf
"25",118,1.13901846203953,0.439691156148911,0.923086225986481,1,2,1,22,12,1,"Levin Öztunali",0.421428571428571,0.321428571428571,0.235999526575443,2.50179584417492,4,35,8.75
"26",119,0.287123849615455,1.5087841777131,0.414748496375978,1,1,1,4,11,4,"Anthony Ujah",0.542857142857143,0.285714285714286,0.0908019499279531,2.21065652370453,3,19,6.33333333333333
"27",120,0.228199377655983,0.118496485985816,0,0,0,0,1,4,0,"Felix Kroos",0.514285714285714,0.285714285714286,0.0467701551967641,0.346695863641798,0,5,Inf
"28",125,0.964703389443457,1.32664920948446,0.321029186248779,0,1,0,22,22,1,"Maximilian Eggestein",0.492857142857143,0.321428571428571,0.272405849783859,2.61238178517669,1,45,45
"29",129,0.102600047364831,0.0693475678563118,0,0,0,0,3,1,0,"Dominique Heintz",0.478571428571429,0.285714285714286,0.034319911152729,0.171947615221143,0,4,Inf
"30",131,0.913962250575423,0.22274948656559,0.778391028754413,2,0,2,18,5,7,"Jonas Hector",0.4,0.214285714285714,0.15727359070154,1.91510276589543,4,30,7.5
"31",135,1.03356574382633,4.5369477737695,0.703921333886683,1,7,0,9,25,11,"Yuya Osako",0.607142857142857,0.5,0.195868482387369,6.27443485148251,8,45,5.625
"32",137,0.764141894876957,1.6446576314047,1.10529400408268,1,1,2,6,15,14,"Anthony Modeste",0.557142857142857,0.285714285714286,0.110830314323795,3.51409353036433,4,35,8.75
"33",140,0.428001489490271,0.777751743793488,0.924766063690186,0,1,1,8,1,2,"Yannick Gerhardt",0.442857142857143,0.321428571428571,0.0850611720770429,2.13051929697394,2,11,5.5
"34",150,0.145368283614516,0.350628478452563,0.510282451286912,0,0,0,4,12,8,"Josuha Guilavogui",0.55,0.285714285714286,0.0898706232580228,1.00627921335399,0,24,Inf
"35",153,1.76684380974621,0.688334591686726,0.0090565150603652,4,0,0,53,9,1,"Maximilian Arnold",0.178571428571429,0.142857142857143,0.629094362806159,2.4642349164933,4,63,15.75
"36",157,0.605607043020427,2.30651106871665,0.0130010880529881,0,2,0,13,30,1,"Daniel Caligiuri",0.614285714285714,0.357142857142857,0.327391086377348,2.92511919979006,2,44,22
"37",158,1.82223086059093,3.59972770512104,1.80155741050839,2,5,1,6,12,14,"Bas Dost",0.535714285714286,0.392857142857143,0.0935403103935281,7.22351597622037,8,32,4
"38",171,2.22862968593836,1.08817148208618,0.734946483746171,1,0,0,10,3,15,"Michael Gregoritsch",0.442857142857143,0.25,0.135428598407797,4.05174765177071,1,28,28
"39",183,0.205692425370216,0.0100137488916516,0.134556436911225,0,0,0,1,1,4,"Jonathan Tah",0.492857142857143,0.285714285714286,0.0389151213976942,0.350262611173093,0,6,Inf
"40",186,2.26878250204027,4.55755563825369,0,3,1,0,8,47,0,"Karim Bellarabi",0.771428571428571,0.214285714285714,0.564977041759184,6.82633814029396,4,55,13.75
"41",187,0.168447457253933,0.0947650084272027,0.0580511651933193,0,0,0,3,6,1,"Christoph Kramer",0.514285714285714,0.285714285714286,0.0565423605160554,0.321263630874455,0,10,Inf
"42",188,0.099802128970623,0.182711428962648,0,0,2,0,1,4,0,"Kevin Kampl",0.514285714285714,0.357142857142857,0.0467701551967641,0.282513557933271,2,5,2.5
"43",194,0.114885296672583,1.08625816553831,0.335518296808004,1,1,0,3,15,4,"Admir Mehmedi",0.578571428571429,0.285714285714286,0.14959702446604,1.5366617590189,2,22,11
"44",205,0.153126943856478,0.778028840199113,0,0,0,0,2,10,0,"Mahmoud Dahoud",0.55,0.285714285714286,0.118887659655553,0.931155784055591,0,12,Inf
"45",206,0.286980751901865,0.843391770496964,0,1,1,0,5,4,0,"Oscar Wendt",0.485714285714286,0.285714285714286,0.0594438298277764,1.13037252239883,2,9,4.5
"46",207,0.216138612478971,0.0993337109684944,0,0,0,0,3,1,0,"Ibrahima Traoré",0.478571428571429,0.285714285714286,0.034319911152729,0.315472323447466,0,4,Inf
"47",208,1.20550545305014,5.78604309260845,0.685114543884993,2,7,0,4,26,4,"Lars Stindl",0.65,0.464285714285714,0.285377556916424,7.67666308954358,9,34,3.77777777777778
"48",210,0.0298355687409639,1.11231335159391,0,0,0,0,1,7,0,"Raffael",0.535714285714286,0.285714285714286,0.0850611720770429,1.14214892033488,0,8,Inf
"49",212,0.0945886597037315,0.0795071423053741,0.495862269774079,0,0,1,1,1,7,"Nico Elvedi",0.492857142857143,0.285714285714286,0.0778302427953883,0.669958071783185,1,9,9
"50",213,0.91630894318223,4.97877452801913,0.0445316955447197,1,6,0,7,42,1,"Thorgan Hazard",0.742857142857143,0.464285714285714,0.497511897855205,5.93961516674608,7,50,7.14285714285714
"51",220,0.199895072728395,0.0297200456261635,0,0,0,0,4,2,0,"Jérôme Boateng",0.478571428571429,0.285714285714286,0.0449353116290114,0.229615118354559,0,6,Inf
"52",223,0.31391909532249,0.689001174643636,0.0267356112599373,1,2,0,7,17,1,"Joshua Kimmich",0.564285714285714,0.321428571428571,0.181603899855906,1.02965588122606,3,25,8.33333333333333
"53",224,2.61221273615956,5.22620951198041,0.736981040798128,4,4,0,14,32,7,"Thomas Müller",0.621428571428571,0.285714285714286,0.289765987963705,8.57540328893811,8,53,6.625
"54",226,0.449018061161041,4.60754954442382,0.228522877208889,0,4,0,9,25,3,"Kingsley Coman",0.607142857142857,0.428571428571429,0.255512997990348,5.28509048279375,4,37,9.25
"55",227,4.45439188927412,18.2775324787945,8.31648037582636,3,23,8,24,73,39,"Robert Lewandowski",0.842857142857143,1,0.564082854374569,31.0484047438949,34,136,4
"56",228,0.058770602568984,0.899239490740001,0,0,3,0,3,10,0,"Sebastian Rode",0.542857142857143,0.392857142857143,0.115295054918715,0.958010093308985,3,13,4.33333333333333
"57",229,0.484696421772242,2.09814867284149,0,1,2,0,3,15,0,"Thiago Alcántara",0.578571428571429,0.321428571428571,0.178331489483329,2.58284509461373,3,18,6
"58",249,0.245187329128385,1.13903393596411,0.126943487673998,0,1,0,4,11,2,"Danny da Costa",0.542857142857143,0.321428571428571,0.106177998933456,1.51116475276649,1,17,17
"59",251,0.523432175628841,0.0278462078422308,1.80899403057992,0,0,1,5,1,21,"Benjamin Hübner",0.464285714285714,0.285714285714286,0.237775319311106,2.360272414051,1,27,27
"60",252,0.160797376185656,0.478994928300381,0.204254373908043,0,1,0,5,8,7,"Alfredo Morales",0.514285714285714,0.321428571428571,0.034319911152729,0.844046678394079,1,20,20
"61",254,0.174821153283119,1.300860802643,0,0,2,0,3,7,0,"Steven Zuber",0.521428571428571,0.357142857142857,0.0789038140999669,1.47568195592612,2,10,5
"62",261,1.91484422795475,1.32427365332842,0.409922732040286,3,0,0,12,17,5,"Julian Brandt",0.528571428571429,0.178571428571429,0.135428598407797,3.64904061332345,3,34,11.3333333333333
"63",262,0.969933767803013,1.23471179790795,0.463294144719839,2,1,1,17,17,9,"Leonardo Bittencourt",0.492857142857143,0.25,0.103773657060518,2.6679397104308,4,43,10.75
"64",267,3.44473512144759,0.0126174120232463,0,8,0,0,35,1,0,"Philipp Max",0.25,0,0.447664870685918,3.45735253347084,8,36,4.5
"65",269,0.274492987431586,0.869041661266237,0.332027025520802,0,0,0,6,18,5,"Dominik Kohr",0.578571428571429,0.285714285714286,0.162535024506984,1.47556167421862,0,29,Inf
"66",283,0.0793790183961391,0.518774386495352,0.702486049383879,0,1,1,2,3,2,"David Abraham",0.5,0.321428571428571,0.0129717071325647,1.30063945427537,2,7,3.5
"67",285,0.196230927482247,0.0502798426896334,0,0,0,0,6,3,0,"Bastian Oczipka",0.471428571428571,0.285714285714286,0.0674029674435171,0.246510770171881,0,9,Inf
"68",290,1.32706775516272,1.56812948081642,0.0327591262757778,0,0,0,7,17,1,"Mijat Gacinovic",0.564285714285714,0.285714285714286,0.181603899855906,2.92795636225492,0,25,Inf
"69",294,3.99167008139193,0.786630794405937,0.444766076281667,6,1,0,26,13,4,"Gian-Luca Waldschmidt",0.4,0.107142857142857,0.24850215942205,5.22306695207953,7,43,6.14285714285714
"70",306,2.23713951930404,10.8203922975808,1.02766373381019,3,10,0,18,47,14,"Florian Niederlechner",0.7,0.535714285714286,0.404625785032094,14.0851955506951,13,79,6.07692307692308
"71",307,0.703893447294831,1.79320182744414,0.665066177025437,1,5,1,4,28,4,"Suat Serdar",0.664285714285714,0.428571428571429,0.311320971181553,3.1621614517644,7,36,5.14285714285714
"72",310,0.0785410348325968,0.102885158732533,0.160860739648342,1,0,0,2,3,3,"Lukasz Piszczek",0.5,0.25,0.0129717071325647,0.342286933213472,1,8,8
"73",311,0.229355249553919,0.206616142764688,1.33728733658791,1,0,1,4,4,10,"Sven Bender",0.492857142857143,0.25,0.0778302427953883,1.77325872890651,2,18,9
"74",312,0.0577485840767622,0.754765903577209,0.232297790236771,0,1,0,2,5,6,"Neven Subotic",0.514285714285714,0.321428571428571,0.0467701551967641,1.04481227789074,1,13,13
"75",313,0.104610159993172,0.556091010570526,0,0,1,0,1,1,0,"Marcel Schmelzer",0.492857142857143,0.321428571428571,0.0129717071325647,0.660701170563698,1,2,2
"76",315,0.176539532840252,0.404904128983617,1.51141356676817,0,1,0,2,6,8,"Matthias Ginter",0.521428571428571,0.321428571428571,0.068639822305458,2.09285722859204,1,16,16
"77",319,2.72502961941063,5.53755053132772,0.842066003009677,3,6,2,13,29,5,"Marco Reus",0.607142857142857,0.392857142857143,0.274559289221832,9.10464615374804,11,47,4.27272727272727
"78",320,0.225182771682739,3.87278807908297,0,0,5,0,1,22,0,"Jonas Hofmann",0.642857142857143,0.464285714285714,0.279117862357451,4.09797085076571,5,23,4.6
"79",335,0.237082250416279,3.91206125356257,1.6989033408463,1,5,0,4,26,10,"Leon Goretzka",0.65,0.428571428571429,0.255512997990348,5.84804684482515,6,40,6.66666666666667
"80",350,0.845826804637909,1.76842730864882,0,0,0,0,3,16,0,"Felix Klaus",0.585714285714286,0.285714285714286,0.191085178251657,2.61425411328673,0,19,Inf
"81",359,0.231397205963731,0.780805201269686,0.808163396082819,0,2,3,4,7,9,"Timothy Chandler",0.514285714285714,0.357142857142857,0.0565423605160554,1.82036580331624,5,20,4
"82",360,0.459718976169825,3.1101594902575,0.803698841482401,0,1,0,5,15,10,"Ádám Szalai",0.564285714285714,0.321428571428571,0.112338279072528,4.37357730790973,1,30,30
"83",370,0.172481834888458,0.536764308810234,1.17246017605066,0,0,2,3,10,15,"Marvin Friedrich",0.542857142857143,0.285714285714286,0.135428598407797,1.88170631974936,2,28,14
"84",372,0.0344145596027374,0.182827011682093,0.0159749872982502,0,1,0,1,7,1,"Julian Weigl",0.535714285714286,0.321428571428571,0.0778302427953883,0.233216558583081,1,9,9
"85",379,0.328504225239158,0.141318872570992,0,0,0,0,14,1,0,"Markus Suttner",0.4,0.285714285714286,0.175478001543625,0.469823097810149,0,15,Inf
"86",391,0.714154364541173,0.0988479182124138,0.0187710002064705,1,0,0,17,1,1,"David Alaba",0.378571428571429,0.25,0.207547314121036,0.831773282960057,1,19,19
"87",403,0.0235460326075554,0.239182502031326,0,0,0,0,1,1,0,"Lukas Klünter",0.492857142857143,0.285714285714286,0.0129717071325647,0.262728534638882,0,2,Inf
"88",412,0.601912297308445,1.48878866806626,0.215896956622601,1,0,0,2,6,8,"André Hahn",0.521428571428571,0.25,0.068639822305458,2.30659792199731,1,16,16
"89",417,0.0539367906749249,0.158131996169686,1.18711524549872,0,0,2,2,5,7,"Tin Jedvaj",0.514285714285714,0.285714285714286,0.0565423605160554,1.39918403234333,2,14,7
"90",418,0,0.0135152135044336,0.833518398925662,0,0,1,1,1,9,"Niklas Stark",0.492857142857143,0.285714285714286,0.103773657060518,0.847033612430096,1,11,11
"91",419,0.803137789480388,0.0285763405263424,0.0148482462391257,0,1,0,20,1,1,"Maximilian Mittelstädt",0.357142857142857,0.321428571428571,0.24646243551873,0.846562376245856,1,22,22
"92",420,0.97621089592576,5.18419366143644,0.684942981228232,0,6,0,5,29,6,"Patrick Herrmann",0.664285714285714,0.5,0.305042042710453,6.84534753859043,6,40,6.66666666666667
"93",421,0.334473986178637,0.046627689152956,0.397663131356239,1,0,1,3,3,8,"Lars Bender",0.492857142857143,0.25,0.0648585356628236,0.778764806687832,2,14,7
"94",426,0.799633432179689,2.79881633259356,0.253239270299673,0,3,0,3,16,5,"Daniel Ginczek",0.585714285714286,0.392857142857143,0.15727359070154,3.85168903507292,3,24,8
"95",433,0.317821275442839,0.0518296919763088,0,1,0,0,5,1,0,"Nico Schulz",0.464285714285714,0.25,0.0594438298277764,0.369650967419147,1,6,6
"96",436,0.190714992582798,0.0583611913025379,0.95093254186213,0,0,2,3,2,9,"Andre Hoffmann",0.485714285714286,0.285714285714286,0.0850611720770429,1.20000872574747,2,14,7
"97",443,0.0532660596072674,0.0469289207831025,0,0,0,0,1,2,0,"Peter Pekarík",0.5,0.285714285714286,0.0224676558145057,0.10019498039037,0,3,Inf
"98",448,1.53224333748221,1.74721156805754,0.974417091347277,2,0,2,16,13,11,"Ivan Perisic",0.471428571428571,0.214285714285714,0.0565423605160554,4.25387199688703,4,40,10
"99",451,0.0855000987648964,0.115698907524347,0.968101006001234,0,0,0,1,2,9,"Matija Nastasic",0.5,0.285714285714286,0.0979342411936843,1.16930001229048,0,12,Inf
"100",454,0.398810639977455,0.560786781832576,0.196099838241935,0,1,0,2,11,3,"Charles Aránguiz",0.557142857142857,0.321428571428571,0.110830314323795,1.15569726005197,1,16,16
"101",488,2.12200392782688,6.48484130762517,0.462108332663774,1,7,0,9,47,2,"Philippe Coutinho",0.764285714285714,0.5,0.544039026225326,9.06895356811583,8,58,7.25
"102",604,0.101370057091117,0.33779735956341,0.697563776746392,0,2,0,2,10,4,"Emre Can",0.55,0.357142857142857,0.0935403103935281,1.13673119340092,2,16,8
"103",956,2.12260690331459,6.49485831335187,1.28130924049765,3,7,2,8,27,9,"Andrej Kramaric",0.628571428571429,0.428571428571429,0.240239378069103,9.89877445716411,12,44,3.66666666666667
"104",983,0.0559296067804098,1.41068397834897,0.320580419152975,0,2,1,2,3,5,"Kevin Mbabu",0.5,0.357142857142857,0.034319911152729,1.78719400428236,3,10,3.33333333333333
"105",993,3.81642241030931,9.12720981612802,1.22886145487428,5,7,0,29,60,6,"Serge Gnabry",0.714285714285714,0.357142857142857,0.608841690926686,14.1724936813116,12,95,7.91666666666667
"106",1040,0.162708438932896,0.684902675449848,0,1,0,0,2,3,0,"Angelino",0.5,0.25,0.034319911152729,0.847611114382744,1,5,5
"107",1236,3.858786361292,0.286314055323601,3.84656816348433,5,1,4,20,3,29,"Patrik Schick",0.371428571428571,0.142857142857143,0.296652477223729,7.99166858009994,10,52,5.2
"108",1275,2.4009845405817,5.74356104712933,2.73172856587917,1,10,2,6,51,13,"Robin Quaison",0.814285714285714,0.607142857142857,0.544039026225326,10.8762741535902,13,70,5.38461538461539
"109",1277,0.594022370874882,0.747395689599216,1.52139869518578,0,0,2,10,15,8,"Roland Sallai",0.528571428571429,0.285714285714286,0.0810082850786769,2.86281675565988,2,33,16.5
"110",1669,0.421807087957859,3.59040659666061,0.767179730348289,0,3,1,3,23,10,"Marko Grujic",0.635714285714286,0.392857142857143,0.228021802583232,4.77939341496676,4,36,9
"111",1673,0.123451501131058,0.611197424121201,0,0,1,0,3,20,0,"Edimilson Fernandes",0.614285714285714,0.321428571428571,0.242331487616916,0.734648925252259,1,23,23
"112",2210,0.938393900170922,0.0141864344477654,0,1,0,0,2,2,0,"Jorge Meré",0.492857142857143,0.25,0.0259434142651294,0.952580334618688,1,4,4
"113",2276,0.0353113301098347,0.4549560546875,0,0,0,0,2,1,0,"Lucas Hernández",0.485714285714286,0.285714285714286,0.0224676558145057,0.490267384797335,0,3,Inf
"114",2380,2.56793761253357,1.28710637241602,0.36090408731252,3,2,0,4,9,3,"Paco Alcácer",0.528571428571429,0.25,0.0722234086977619,4.21594807226211,5,16,3.2
"115",2456,0.285147400572896,0.0964181702584028,0,0,0,0,5,5,0,"Omar Mascarell",0.492857142857143,0.285714285714286,0.0648585356628236,0.381565570831299,0,10,Inf
"116",2624,0.118817035108805,1.31106370035559,0.251845091581345,0,1,0,2,18,1,"Djibril Sow",0.607142857142857,0.321428571428571,0.214327776454004,1.68172582704574,1,21,21
"117",2629,0.0590922050178051,0.42495325487107,0,0,1,0,2,14,0,"Matthias Zimmermann",0.578571428571429,0.321428571428571,0.170122344154086,0.484045459888875,1,16,16
"118",2631,0.83874624595046,3.05200006254017,0.848051399923861,2,2,0,7,24,10,"Karim Onisiwo",0.614285714285714,0.285714285714286,0.203866380076408,4.73879770841449,4,41,10.25
"119",2638,0.637376226484776,0.567630334757268,0.0905855298042297,0,0,0,4,10,1,"Alessandro Schöpf",0.535714285714286,0.285714285714286,0.102959733458187,1.29559209104627,0,15,Inf
"120",2640,0.382109640166163,0.106846808455884,0.0483622588217258,0,0,0,9,4,1,"Erik Durm",0.457142857142857,0.285714285714286,0.0908019499279531,0.537318707443774,0,14,Inf
"121",2655,1.88264095783234,2.74354258179665,1.28012585639954,1,2,0,3,11,4,"Alfred Finnbogason",0.55,0.321428571428571,0.0979342411936843,5.90630939602852,3,18,6
"122",2668,1.83103945245966,0.53535271063447,2.46080798842013,3,1,4,23,4,19,"Martin Hinteregger",0.357142857142857,0.214285714285714,0.225050707543527,4.82720015151426,8,46,5.75
"123",2676,0.945568474009633,2.62191148009151,0.426299214363098,0,6,0,12,48,1,"Erik Thommy",0.75,0.5,0.552326698699768,3.99377916846424,6,61,10.1666666666667
"124",2691,0.0650191307067871,0.0870823860168457,0.389159859158099,0,0,0,1,1,5,"Milos Veljkovic",0.492857142857143,0.285714285714286,0.0518868285302589,0.541261375881732,0,7,Inf
"125",2693,0.0832702741026878,0.90102519467473,0.0549753252416849,0,1,0,2,9,3,"Marius Wolf",0.542857142857143,0.321428571428571,0.0850611720770429,1.0392707940191,1,14,14
"126",2702,0.154802039265633,0.183235755190253,0,0,0,0,2,7,0,"Marlon Ritter",0.528571428571429,0.285714285714286,0.0810082850786769,0.338037794455886,0,9,Inf
"127",3059,0.796226870268583,1.36845957115293,0.459137856960297,1,2,1,4,25,2,"Axel Witsel",0.642857142857143,0.321428571428571,0.286260625216577,2.62382429838181,4,31,7.75
"128",3300,2.03343856707215,5.66183712054044,0.605590738356113,0,5,0,7,42,3,"Christopher Nkunku",0.742857142857143,0.464285714285714,0.482052094460251,8.30086642596871,5,52,10.4
"129",3310,3.99991294182837,7.9787895232439,0.720493460074067,5,5,0,13,58,6,"Alassane Pléa",0.814285714285714,0.285714285714286,0.634023287580204,12.6991959251463,10,77,7.7
"130",3339,0.92767146974802,0.133910939097404,0,1,0,0,15,4,0,"Jérôme Roussillon",0.414285714285714,0.25,0.17451647101027,1.06158240884542,1,19,19
"131",3347,0.410980874672532,1.37749068532139,0.218010649085045,1,0,0,4,18,3,"Ellyes Skhiri",0.592857142857143,0.25,0.188424929963817,2.00648220907897,1,25,25
"132",3349,2.93790359422565,0.34450663253665,0.648734789341688,3,0,2,13,3,7,"Ramy Bensebaini",0.421428571428571,0.178571428571429,0.113084721032111,3.93114501610398,5,23,4.6
"133",3363,0.043161554262042,0.583314320072532,1.2607946395874,0,3,2,2,13,10,"Benjamin Pavard",0.571428571428571,0.392857142857143,0.127756498995174,1.88727051392198,5,25,5
"134",3388,0.0329414457082748,0.349424302577972,0.142380733042955,0,1,0,2,1,3,"Karim Rekik",0.485714285714286,0.321428571428571,0.0224676558145057,0.524746481329203,1,6,6
"135",3431,0.0573525838553905,0.83618944697082,0.942666910588741,0,1,0,1,7,7,"Almamy Touré",0.535714285714286,0.321428571428571,0.0778302427953883,1.83620894141495,1,15,15
"136",3455,3.71217881888151,1.48699407279491,0.0358760841190815,6,2,0,34,5,1,"Raphael Guerreiro",0.285714285714286,0.142857142857143,0.404625785032094,5.23504897579551,8,40,5
"137",3603,0.058713287115097,1.14032140187919,0.0489074438810349,0,1,0,1,13,1,"Corentin Tolisso",0.578571428571429,0.321428571428571,0.155660485590777,1.24794213287532,1,15,15
"138",3834,0.0383639149367809,0.413422400131822,0.135867066681385,0,0,0,1,4,3,"Ishak Belfodil",0.514285714285714,0.285714285714286,0.034319911152729,0.587653381749988,0,8,Inf
"139",4243,1.11343353800476,0.0921364510431886,0,2,0,0,28,4,0,"Christian Günter",0.321428571428571,0.214285714285714,0.340244688308172,1.20556998904794,2,32,16
"140",4246,0.132913324981928,0.254603207111359,0,0,0,0,2,2,0,"Mike Frantz",0.492857142857143,0.285714285714286,0.0259434142651294,0.387516532093287,0,4,Inf
"141",4248,1.7245408333838,4.39414675533772,2.45597491133958,2,6,3,15,18,21,"Nils Petersen",0.514285714285714,0.428571428571429,0.0674029674435171,8.57466250006109,11,54,4.90909090909091
"142",4250,1.56341115944088,0.541759702377021,0.485080280341208,1,0,0,13,9,4,"Nicolas Höfler",0.464285714285714,0.25,0.10131227142807,2.5902511421591,1,26,26
"143",4268,1.10113105177879,0.0724303042516112,0.190692707896233,1,0,0,2,3,3,"Christian Strohdiek",0.5,0.25,0.0129717071325647,1.36425406392664,1,8,8
"144",4271,0.198355916887522,0.364607383497059,0.0815726518630981,1,1,0,4,7,2,"Janik Haberer",0.514285714285714,0.285714285714286,0.0565423605160554,0.644535952247679,2,13,6.5
"145",4280,0.735751017928123,1.94454281404614,0.825847836211324,0,1,0,6,16,9,"Davie Selke",0.564285714285714,0.321428571428571,0.115295054918715,3.50614166818559,1,31,31
"146",4302,0.159873113036156,0.176530211232603,0,0,0,0,2,5,0,"Marcel Sobottka",0.514285714285714,0.285714285714286,0.0565423605160554,0.336403324268758,0,7,Inf
"147",4340,0.793071230873466,0.266047481447458,0,0,0,0,5,6,0,"Grischa Prömel",0.5,0.285714285714286,0.0722234086977619,1.05911871232092,0,11,Inf
"148",4510,0.160735878162086,0.336967714130878,0,0,0,0,7,6,0,"Lewis Baker",0.485714285714286,0.285714285714286,0.0850611720770429,0.497703592292964,0,13,Inf
"149",5197,0.657692294567823,3.80502884555608,0.604717433452606,1,3,1,5,32,1,"Achraf Hakimi",0.685714285714286,0.357142857142857,0.378853802410475,5.06743857357651,5,38,7.6
"150",5220,6.08021059120074,1.87549239397049,2.10345392115414,6,3,3,39,11,9,"Kai Havertz",0.292857142857143,0.178571428571429,0.376849859927634,10.0591569063254,12,59,4.91666666666667
"151",5221,2.85486234631389,1.36342671513557,0.223378824070096,2,3,0,20,6,3,"Leon Bailey",0.392857142857143,0.321428571428571,0.203866380076408,4.44166788551956,5,29,5.8
"152",5230,0,0.440269827842712,0.0712331738322973,0,0,0,1,1,2,"Thomas Delaney",0.492857142857143,0.285714285714286,0.0129717071325647,0.51150300167501,0,4,Inf
"153",5231,0.40851616859436,3.2893381677568,0.613866806030273,0,4,1,6,34,1,"Florian Kainz",0.692857142857143,0.428571428571429,0.399604381170234,4.31172114238143,5,41,8.2
"154",5242,0.541762471199036,0.73117346316576,0.751319802366197,0,1,1,1,3,8,"Stefan Ilsanker",0.507142857142857,0.321428571428571,0.0810082850786769,2.02425573673099,2,12,6
"155",5248,0.874517746269703,4.73682108800858,0.966303095221519,1,8,0,13,52,5,"Marcel Sabitzer",0.771428571428571,0.535714285714286,0.564977041759184,6.5776419294998,9,70,7.77777777777778
"156",5249,0.877147227525711,2.57194402441382,0.0623635053634644,1,4,0,6,19,1,"Emil Forsberg",0.585714285714286,0.392857142857143,0.208759869602984,3.511454757303,5,26,5.2
"157",5250,0.813359677791595,4.12673106789589,1.67215772066265,0,3,2,4,19,10,"Yussuf Poulsen",0.6,0.392857142857143,0.169627081548166,6.61224846635014,5,33,6.6
"158",5251,0.136698704212904,0.18289640173316,0.0619713217020035,0,0,0,2,5,2,"Rani Khedira",0.514285714285714,0.285714285714286,0.0389151213976942,0.381566427648067,0,9,Inf
"159",5254,1.52339485287666,0.127515438944101,0.737089205533266,1,1,1,24,2,4,"Marcel Halstenberg",0.335714285714286,0.285714285714286,0.273330829864224,2.38799949735403,3,30,10
"160",5257,0.082187831401825,0.533667605370283,0.115528936032206,0,0,1,1,2,4,"Willi Orban",0.5,0.285714285714286,0.034319911152729,0.731384372804314,1,7,7
"161",5265,0.0296620260924101,0.467880921438336,0,0,0,0,1,3,0,"Amir Abrashi",0.507142857142857,0.285714285714286,0.034319911152729,0.497542947530746,0,4,Inf
"162",5266,0.155028887093067,3.0263002095744,0.0105677396059036,0,4,0,2,46,1,"Vincenzo Grifo",0.807142857142857,0.428571428571429,0.577350269189626,3.19189683627337,4,49,12.25
"163",5270,0.964663745835423,0.127386012114584,0,1,0,0,20,4,0,"Gerrit Holtmann",0.378571428571429,0.25,0.237775319311106,1.09204975795001,1,24,24
"164",5273,2.45408025942743,0.728028599172831,0,0,1,0,25,5,0,"Kerem Demirbay",0.35,0.321428571428571,0.297219149138882,3.18210885860026,1,30,30
"165",5292,0.32520030066371,0.334554277360439,0.468870085664093,1,0,0,5,4,5,"Manuel Gulde",0.485714285714286,0.25,0.0129717071325647,1.12862466368824,1,14,14
"166",5302,1.53382827527821,1.92728512361646,0.524179929867387,0,0,0,13,13,9,"Guido Burgstaller",0.492857142857143,0.285714285714286,0.0518868285302589,3.98529332876205,0,35,Inf
"167",5323,0.0706355152651668,0.307786028832197,0.0508838258683681,0,0,0,3,8,1,"Bernard Tekpetey",0.528571428571429,0.285714285714286,0.0810082850786769,0.429305369965732,0,12,Inf
"168",5329,0.991734392940998,0.721460925415158,0.763682981953025,0,0,0,4,13,8,"Stefan Posch",0.557142857142857,0.285714285714286,0.10131227142807,2.47687830030918,0,25,Inf
"169",5340,0.341666921973228,0.116019149310887,0.52582049369812,0,0,1,7,3,1,"Marco Friedl",0.464285714285714,0.285714285714286,0.068639822305458,0.983506564982235,1,11,11
"170",5353,1.26620295550674,2.25000142119825,0.0616701543331146,1,2,0,11,30,1,"Josip Brekalo",0.628571428571429,0.321428571428571,0.330969237305226,3.57787453103811,3,42,14
"171",5355,0.0698835449293256,0.0454245768487453,0.109003096818924,0,0,0,2,1,1,"Jacob Bruun Larsen",0.485714285714286,0.285714285714286,0.0129717071325647,0.224311218596995,0,4,Inf
"172",5356,2.50656438246369,5.62126312963665,0.879346936941147,2,5,0,11,26,8,"Breel Embolo",0.6,0.392857142857143,0.216670226093286,9.00717444904149,7,45,6.42857142857143
"173",5358,2.50894720293581,0.937751211225986,0.0425146520137787,2,0,1,6,5,1,"Lukas Klostermann",0.485714285714286,0.214285714285714,0.0594438298277764,3.48921306617558,3,12,4
"174",5360,0.461730973795056,0.77825546823442,1.16194158419967,1,0,2,6,18,8,"Weston McKennie",0.578571428571429,0.25,0.144446817395524,2.40192802622914,3,32,10.6666666666667
"175",5556,0.101380541920662,1.08394021168351,0,0,0,0,2,9,0,"Ademola Lookman",0.542857142857143,0.285714285714286,0.106177998933456,1.18532075360417,0,11,Inf
"176",5625,1.59730885829777,0.404705897904932,0.0630700439214706,2,0,0,12,2,1,"Kwon Chang-Hoon",0.421428571428571,0.214285714285714,0.136665414932112,2.06508480012417,2,15,7.5
"177",5659,0.825729142874479,0.743070238269866,1.236377524212,1,0,2,3,12,7,"Nordi Mukiele",0.557142857142857,0.25,0.10131227142807,2.80517690535635,3,22,7.33333333333333
"178",5706,4.39723670296371,1.2462943661958,1.69248676300049,5,1,1,27,7,5,"Dodi Lukebakio",0.35,0.142857142857143,0.273330829864224,7.33601783216,7,39,5.57142857142857
"179",5717,0.386378545314074,2.67323828302324,0.012804189696908,1,5,0,2,26,1,"Amine Harit",0.664285714285714,0.428571428571429,0.318005309304344,3.07242101803422,6,29,4.83333333333333
"180",5735,1.8892807289958,2.76209142245352,0.915468353778124,1,1,1,6,16,13,"Jean-Philippe Mateta",0.564285714285714,0.285714285714286,0.115295054918715,5.56684050522745,3,35,11.6666666666667
"181",5989,0.0762811610475183,0.0727756842970848,0.864489415660501,0,0,1,2,1,8,"Moussa Niakhate",0.485714285714286,0.285714285714286,0.0850611720770429,1.0135462610051,1,11,11
"182",5992,3.80206806212664,5.69576260633767,1.5560303684324,4,5,1,15,29,13,"Marcus Thuram",0.592857142857143,0.321428571428571,0.195868482387369,11.0538610368967,10,57,5.7
"183",6045,0.266401696950197,6.0775396572426,0.847037773579359,0,5,2,6,36,4,"Davy Klaassen",0.707142857142857,0.464285714285714,0.402750095269314,7.19097912777215,7,46,6.57142857142857
"184",6081,0.24411385320127,0.673015321604908,0,0,0,0,5,7,0,"Dennis Geiger",0.507142857142857,0.285714285714286,0.0810082850786769,0.917129174806178,0,12,Inf
"185",6084,0.19401284493506,0.321377543732524,0.138013303279877,0,0,1,4,9,2,"Johannes Eggestein",0.528571428571429,0.285714285714286,0.0810082850786769,0.65340369194746,1,15,15
"186",6090,1.23774150758982,3.3655228279531,1.31304911151528,2,1,0,8,14,12,"Simon Terodde",0.535714285714286,0.25,0.068639822305458,5.9163134470582,3,34,11.3333333333333
"187",6096,0.710720427334309,0.398398786783218,0,1,1,0,3,1,0,"Sergio Córdova",0.478571428571429,0.285714285714286,0.034319911152729,1.10911921411753,2,4,2
"188",6097,0,1.19787554442883,0.196855425834656,0,0,0,1,3,3,"Florian Hübner",0.507142857142857,0.285714285714286,0.0259434142651294,1.39473097026348,0,7,Inf
"189",6098,0.135166794061661,0.653477692976594,0.603716913610697,1,1,2,2,6,9,"Niclas Füllkrug",0.521428571428571,0.285714285714286,0.0789038140999669,1.39236140064895,4,17,4.25
"190",6100,0.0126472301781178,0.0467636846005917,0.0896818470209837,0,0,0,1,1,2,"Felix Uduokhai",0.492857142857143,0.285714285714286,0.0129717071325647,0.149092761799693,0,4,Inf
"191",6109,0.467995965853333,0.332859428599477,0,1,1,0,3,7,0,"Konrad Laimer",0.521428571428571,0.285714285714286,0.0789038140999669,0.80085539445281,2,10,5
"192",6145,2.02925093099475,4.21152590960264,0.130038963630795,2,0,0,14,29,3,"Daichi Kamada",0.6,0.214285714285714,0.293229449427882,6.37081580422819,2,46,23
"193",6148,0.49101941101253,0.0387945249676704,0.127993628382683,1,0,0,10,1,1,"Michaël Cuisance",0.428571428571429,0.25,0.116745364193082,0.657807564362884,1,12,12
"194",6170,2.68744575977325,5.28096406534314,3.56949545815587,2,6,4,9,25,20,"André Silva",0.607142857142857,0.428571428571429,0.18390568879874,11.5379052832723,12,54,4.5
"195",6190,0.519756378605962,0.383404449559748,1.4027225067839,0,0,0,4,12,10,"Dawid Kownacki",0.55,0.285714285714286,0.0935403103935281,2.30588333494961,0,26,Inf
"196",6229,0.118855541571975,1.23906502965838,0.201454780995846,0,1,0,3,11,4,"William",0.55,0.321428571428571,0.0979342411936843,1.5593753522262,1,18,18
"197",6271,1.10575815290213,2.7456624256447,0.401195609942079,1,5,0,4,26,5,"Ihlas Bebou",0.65,0.428571428571429,0.279117862357451,4.2526161884889,6,35,5.83333333333333
"198",6296,0.270046792924404,2.40701310709119,0.791817773133516,0,4,0,4,31,8,"Abdelhamid Sabiri",0.685714285714286,0.428571428571429,0.327391086377348,3.46887767314911,4,43,10.75
"199",6327,0,0.0139214480295777,0.0713381990790367,0,0,0,1,1,1,"Kevin Akpoguma",0.492857142857143,0.285714285714286,0,0.0852596471086144,0,3,Inf
"200",6338,0.141035433858633,5.5460375584662,1.87878646887839,1,5,1,2,27,20,"Lucas Alario",0.671428571428571,0.428571428571429,0.289765987963705,7.56585946120322,7,49,7
"201",6345,1.37642973475158,9.37592696864158,0,4,13,0,6,46,0,"Jadon Sancho",0.778571428571429,0.607142857142857,0.561841159768813,10.7523567033932,17,52,3.05882352941176
"202",6357,2.34310095477849,2.14606888964772,0.0240093655884266,2,2,0,26,37,1,"Marco Richter",0.571428571428571,0.285714285714286,0.414486133468448,4.51317921001464,4,64,16
"203",6445,0.546870211139321,0.455311754718423,0.370418708771467,0,0,0,7,4,2,"Elvis Rexhbecaj",0.471428571428571,0.285714285714286,0.0565423605160554,1.37260067462921,0,13,Inf
"204",6475,1.85968247056007,4.55361314304173,2.70537617150694,2,3,3,11,28,13,"Lucas Höler",0.614285714285714,0.321428571428571,0.208759869602984,9.11867178510875,8,52,6.5
"205",6476,0.064697502180934,0.684877936728299,0.0128534743562341,0,1,0,2,11,1,"Mohamed Dräger",0.557142857142857,0.321428571428571,0.123742199430533,0.762428913265467,1,14,14
"206",6484,1.98990101367235,0.435397621244192,1.93812465853989,2,0,4,19,4,6,"Renato Steffen",0.385714285714286,0.214285714285714,0.182988447724639,4.36342329345644,6,29,4.83333333333333
"207",6523,0.88590029347688,5.2602566247806,0.318887464702129,3,5,0,14,55,4,"Milot Rashica",0.785714285714286,0.357142857142857,0.607181210495903,6.4650443829596,8,73,9.125
"208",6542,0.169804062694311,2.4882654491812,0.669363923370838,0,3,1,2,13,5,"Jürgen Locadia",0.571428571428571,0.392857142857143,0.127756498995174,3.32743343524635,4,20,5
"209",6556,3.79247223259881,0.997668948024511,0,4,1,0,31,10,0,"Moussa Diaby",0.342857142857143,0.178571428571429,0.355481581288969,4.79014118062332,5,41,8.2
"210",6708,0.131575966253877,0.832262523472309,0,1,0,0,4,18,0,"Bote Baku",0.592857142857143,0.25,0.212355997866913,0.963838489726186,1,22,22
"211",7028,0.294586807489395,0.0163179058581591,0,0,0,0,1,1,0,"Dennis Jastrzembski",0.492857142857143,0.285714285714286,0.0129717071325647,0.310904713347554,0,2,Inf
"212",7043,0.108224231749773,0.459097209386528,0.32036280632019,0,1,1,2,12,1,"Eduard Löwen",0.564285714285714,0.321428571428571,0.136665414932112,0.887684247456491,2,15,7.5
"213",7049,0.185948725789785,0.0206345785409212,0.449584480375051,1,0,0,5,1,5,"Evan Ndicka",0.464285714285714,0.25,0.0518868285302589,0.656167784705758,1,11,11
"214",7051,1.23031919263303,4.70681626722217,1.39316747803241,2,4,1,13,16,21,"Gonçalo Paciência",0.514285714285714,0.357142857142857,0.0908019499279531,7.33030293788761,7,50,7.14285714285714
"215",7052,2.10393793135881,11.0757403578609,4.40668475488201,1,12,3,10,44,30,"Wout Weghorst",0.735714285714286,0.678571428571429,0.383927470855284,17.5863630441017,16,84,5.25
"216",7054,0.56948952563107,0.667483160272241,0,0,1,0,5,9,0,"Steven Skrzybski",0.521428571428571,0.321428571428571,0.10131227142807,1.23697268590331,1,14,14
"217",7056,0.33121229428798,0.111761363223195,0.0358216278254986,1,0,0,10,3,1,"Niko Gießelmann",0.442857142857143,0.25,0.106177998933456,0.478795285336673,1,14,14
"218",7057,0.159788057208061,0.290711069479585,0,0,0,0,1,8,0,"Jean Zimmer",0.542857142857143,0.285714285714286,0.0979342411936843,0.450499126687646,0,9,Inf
"219",7058,0.516252669505775,0.0753327701240778,0.0562175326049328,0,0,0,18,2,1,"Kevin Stöger",0.378571428571429,0.285714285714286,0.214327776454004,0.647802972234786,0,21,Inf
"220",7059,1.12886515446007,2.97174193710089,0.11677935346961,3,1,0,11,21,2,"Benito Raman",0.564285714285714,0.214285714285714,0.213541249850822,4.21738644503057,4,34,8.5
"221",7060,7.5894916234538,0.892731240019202,2.81462729722261,9,1,5,44,18,11,"Rouwen Hennings",0.307142857142857,0,0.390661648541623,11.2968501606956,15,73,4.86666666666667
"222",7065,2.09061269275844,4.10132015915588,0.268428320065141,3,1,0,17,37,3,"Florian Neuhaus",0.635714285714286,0.214285714285714,0.383927470855284,6.46036117197946,4,57,14.25
"223",7073,0.570922687649727,1.61525803338736,0.135701947845519,1,3,0,5,29,5,"Pierre Kunde",0.664285714285714,0.357142857142857,0.311320971181553,2.32188266888261,4,39,9.75
"224",7080,0.764436475932598,3.89050636067986,0.737079028040171,0,5,0,6,35,10,"Matheus Cunha",0.7,0.464285714285714,0.353106928247487,5.39202186465263,5,51,10.2
"225",7090,0.0307634882628918,4.26997193321586,0.612635776400566,0,4,0,1,18,6,"Krzysztof Piatek",0.614285714285714,0.428571428571429,0.196297548580373,4.91337119787931,4,25,6.25
"226",7107,0.376433286815882,2.55387655831873,0.754511386156082,1,2,1,8,26,2,"Jean-Paul Boëtius",0.621428571428571,0.321428571428571,0.280620931180584,3.6848212312907,4,36,9
"227",7108,0.171660231426358,0.338483300060034,0.295733317732811,0,0,1,3,2,2,"Jonathan Burkardt",0.485714285714286,0.285714285714286,0.0129717071325647,0.805876849219203,1,7,7
"228",7109,0.123886773362756,0.103147400543094,0.193901099264622,0,0,0,3,3,2,"Leandro Barreiro Martins",0.492857142857143,0.285714285714286,0.0129717071325647,0.420935273170471,0,8,Inf
"229",7122,2.00914959236979,0.0679357349872589,0,3,1,0,18,1,0,"Javairo Dilrosun",0.371428571428571,0.214285714285714,0.227282669998045,2.07708532735705,4,19,4.75
"230",7140,0.127025201916695,0.526016268879175,0.04487144947052,0,0,0,1,7,1,"Adam Bodzek",0.535714285714286,0.285714285714286,0.0778302427953883,0.69791292026639,0,9,Inf
"231",7178,0.0699809342622757,0.194591674022377,0.616174355149269,0,0,0,1,9,2,"Valon Berisha",0.55,0.285714285714286,0.0979342411936843,0.880746963433921,0,12,Inf
"232",7180,0.0207134895026684,0.152846641838551,0.0795355662703514,0,0,0,1,3,1,"Michael Lang",0.507142857142857,0.285714285714286,0.0259434142651294,0.25309569761157,0,5,Inf
"233",7255,0.211003199219704,0.130295595154166,0.11768427491188,0,0,0,3,3,2,"Oliver Fink",0.492857142857143,0.285714285714286,0.0129717071325647,0.45898306928575,0,8,Inf
"234",7286,0.0962391095235944,0.0486299954354763,0,0,0,0,5,1,0,"Juan Miranda",0.464285714285714,0.285714285714286,0.0594438298277764,0.144869104959071,0,6,Inf
"235",7295,0.982413433492184,2.46543753426522,0.519569624215364,1,3,0,8,18,4,"Joshua Sargent",0.564285714285714,0.357142857142857,0.162016570157354,3.96742059197277,4,30,7.5
"236",7309,0.677537146955729,0.982783815823495,0.0615829490125179,0,3,0,5,10,1,"Ahmed Kutucu",0.528571428571429,0.392857142857143,0.10131227142807,1.72190391179174,3,16,5.33333333333333
"237",7345,1.41427734214813,0.955083936452866,0,1,2,0,10,2,0,"Alphonso Davies",0.435714285714286,0.321428571428571,0.118887659655553,2.36936127860099,3,12,4
"238",7352,0.110732618719339,0.228174543008208,0.0278406944125891,0,0,0,2,4,1,"Tyler Adams",0.507142857142857,0.285714285714286,0.034319911152729,0.366747856140137,0,7,Inf
"239",7376,1.08503530919552,0.0902825221419334,0.455343067646027,1,0,2,2,1,7,"Ozan Kabak",0.485714285714286,0.25,0.0722234086977619,1.63066089898348,3,10,3.33333333333333
"240",7394,0.278022218495607,2.34021113347262,0,0,2,0,4,19,0,"Rabbi Matondo",0.6,0.357142857142857,0.225050707543527,2.61823335196823,2,23,11.5
"241",7401,0.258880297653377,0.473668487742543,0.194187975488603,0,0,0,4,3,5,"Keven Schlotterbeck",0.485714285714286,0.285714285714286,0.0224676558145057,0.926736760884523,0,12,Inf
"242",7422,0.154922347515821,7.25726764835417,1.8953772643581,0,5,2,3,38,15,"Christoph Baumgartner",0.742857142857143,0.464285714285714,0.399604381170234,9.3075672602281,7,56,8
"243",7501,0.2642722427845,0.367342611774802,0.0868074242025614,0,0,0,5,12,2,"Amadou Haidara",0.542857142857143,0.285714285714286,0.115295054918715,0.718422278761864,0,19,Inf
"244",7522,0.0747699737548828,0.21637929789722,0.0803956240415573,0,0,0,1,4,1,"Nassim Boujellab",0.514285714285714,0.285714285714286,0.0389151213976942,0.37154489569366,0,6,Inf
"245",7569,0.0284310597926378,0.260146060027182,0.01823341101408,0,0,0,1,5,1,"Brandon Borrello",0.521428571428571,0.285714285714286,0.0518868285302589,0.3068105308339,0,7,Inf
"246",7783,0.606415992602706,0.557505476288497,0.040057048201561,1,0,0,21,10,1,"Xaver Schlager",0.414285714285714,0.25,0.225050707543527,1.20397851709276,1,32,32
"247",7784,1.48538269661367,1.9761311467737,1.12164732813835,0,2,0,8,16,5,"Joao Victor",0.55,0.357142857142857,0.127756498995174,4.58316117152572,2,29,14.5
"248",7785,0.62012804299593,0.178950510919094,0.367356982082129,1,0,0,2,8,2,"Kingsley Ehizibue",0.535714285714286,0.25,0.0778302427953883,1.16643553599715,1,12,12
"249",7786,0.988405749201775,0.195833720266819,1.21888102963567,0,0,1,5,2,7,"Rafael Czichos",0.471428571428571,0.285714285714286,0.0565423605160554,2.40312049910426,1,14,14
"250",7787,0.0480381734669209,0.257898794487119,0,0,0,0,1,6,0,"Birger Verstraete",0.528571428571429,0.285714285714286,0.0722234086977619,0.30593696795404,0,7,Inf
"251",7788,0.648625088855624,0.212014284916222,0.0104121211916208,0,0,0,7,5,1,"Kingsley Schindler",0.478571428571429,0.285714285714286,0.068639822305458,0.871051494963467,0,13,Inf
"252",7794,1.14809742756188,0.728516303002834,0.0281337685883045,1,0,0,16,3,1,"Jamilu Collins",0.4,0.25,0.182988447724639,1.90474749915302,1,20,20
"253",7795,0.640189416706562,1.97496000723913,0.513975721783936,0,2,0,17,32,2,"Kai Pröger",0.6,0.357142857142857,0.337014837217585,3.12912514572963,2,51,25.5
"254",7796,0.650404628366232,0.91906279977411,0.319855445064604,1,0,1,4,4,6,"Klaus Gjasula",0.492857142857143,0.25,0.0259434142651294,1.88932287320495,2,14,7
"255",7797,0.119536133483052,1.01761009171605,0.152210848405957,0,1,0,5,30,2,"Sebastian Vasiliadis",0.671428571428571,0.321428571428571,0.345398345141546,1.28935707360506,1,37,37
"256",7798,0.772594379261136,2.69401792716235,0.158815458416939,1,0,0,9,36,1,"Christopher Antwi-Adjei",0.685714285714286,0.25,0.412043168377329,3.62542776484042,1,46,46
"257",7799,4.35300749866292,0.914889261126518,0.431910435669124,5,0,0,31,3,8,"Sven Michel",0.292857142857143,0.107142857142857,0.335513650078797,5.69980719545856,5,42,8.4
"258",7800,1.31065933220088,3.26362738478929,0,1,4,0,6,17,0,"Streli Mamba",0.571428571428571,0.392857142857143,0.193708896189787,4.57428671699017,5,23,4.6
"259",7801,0.64392626285553,0.706382378935814,0.0548645108938217,0,1,1,3,10,1,"Cauly Oliveira Souza",0.542857142857143,0.321428571428571,0.106177998933456,1.40517315268517,2,14,7
"260",7802,0.419995214790106,2.20486913342029,0.436294731684029,1,2,0,5,11,4,"Ben Zolinski",0.535714285714286,0.321428571428571,0.0850611720770429,3.06115907989442,3,20,6.66666666666667
"261",7804,0.100780746899545,0.0169000197201967,0,0,0,0,6,2,0,"Laurent Jans",0.464285714285714,0.285714285714286,0.068639822305458,0.117680766619742,0,8,Inf
"262",7810,1.96889665164053,3.5347948493436,1.25796690676361,2,2,2,10,40,10,"Ruben Vargas",0.707142857142857,0.285714285714286,0.389151213976942,6.76165840774775,6,60,10
"263",7813,0.0280433166772127,0.122653692960739,0.442020501941442,0,0,2,1,4,7,"Jeremiah St. Juste",0.514285714285714,0.285714285714286,0.0674029674435171,0.592717511579394,2,12,6
"264",7814,0.678946748375893,1.79119120724499,0.343648390844464,0,1,0,3,7,4,"Taiwo Awoniyi",0.521428571428571,0.321428571428571,0.0467701551967641,2.81378634646535,1,14,14
"265",7822,0.790627671405673,1.25727227982134,0.216699287295341,2,2,1,8,15,5,"Dennis Srbeny",0.542857142857143,0.285714285714286,0.115295054918715,2.26459923852235,5,28,5.6
"266",7831,0.685957883484662,1.09535023383796,0.166572824120522,1,0,0,5,6,4,"Stefan Lainer",0.5,0.25,0.0224676558145057,1.94788094144315,1,15,15
"267",7867,3.56157629285008,1.68193464167416,0,3,1,0,53,9,0,"Robert Skov",0.178571428571429,0.214285714285714,0.637200042103265,5.24351093452424,4,62,15.5
"268",7868,0.0276951137930155,0.10191202070564,0,0,0,0,1,5,0,"Diadie Samassékou",0.521428571428571,0.285714285714286,0.0594438298277764,0.129607134498656,0,6,Inf
"269",7876,0.23951106145978,0.153651731088758,0.2047149091959,0,0,0,10,3,1,"Christopher Lenz",0.442857142857143,0.285714285714286,0.106177998933456,0.597877701744437,0,14,Inf
"270",7877,1.23922878317535,1.0657217791304,0,1,0,0,13,36,0,"Robert Andrich",0.657142857142857,0.25,0.409585632530282,2.30495056230575,1,49,49
"271",7878,0.633566223084927,0.0780060216784477,0.0217174123972654,1,0,0,3,2,1,"Suleiman Abdullahi",0.485714285714286,0.25,0.0224676558145057,0.73328965716064,1,6,6
"272",7879,0.685551710426807,2.74317023809999,0.0130289196968079,1,6,0,13,27,1,"Marius Bülter",0.592857142857143,0.464285714285714,0.292367430562947,3.44175086822361,7,41,5.85714285714286
"273",7880,1.67512307316065,6.44809688068926,4.90279492363334,1,4,7,8,29,27,"Sebastian Andersson",0.642857142857143,0.392857142857143,0.260405203348572,13.0260148774832,12,64,5.33333333333333
"274",7881,0.0583644323050976,1.70559549331665,0.139536185190082,0,2,0,1,5,3,"Sebastian Polter",0.521428571428571,0.357142857142857,0.0449353116290114,1.90349611081183,2,9,4.5
"275",7882,0.180857125669718,0.0455092107877135,0,0,0,0,4,2,0,"Sheraldo Becker",0.478571428571429,0.285714285714286,0.0449353116290114,0.226366336457431,0,6,Inf
"276",7883,2.48352523520589,0.33395760320127,0.915846884250641,5,0,0,31,5,8,"Marcus Ingvartsen",0.307142857142857,0.107142857142857,0.319588748020561,3.7333297226578,5,44,8.8
"277",7884,0.159215579740703,0.0607566572725773,0,0,0,0,4,1,0,"Ken Reichel",0.471428571428571,0.285714285714286,0.0467701551967641,0.21997223701328,0,5,Inf
"278",7885,0.235626436769962,0.110407626256347,0.0747787952423096,0,0,0,4,4,1,"Joshua Mees",0.492857142857143,0.285714285714286,0.0389151213976942,0.420812858268619,0,9,Inf
"279",7897,0.203840045258403,0.117499906569719,0.370188198983669,0,0,1,5,2,2,"Louis Schaub",0.471428571428571,0.285714285714286,0.0389151213976942,0.691528150811791,1,9,9
"280",7900,1.54706656187773,2.93422849662602,1.27630983293056,2,3,0,5,11,5,"Sargis Adamyan",0.535714285714286,0.321428571428571,0.0778302427953883,5.75760489143431,5,21,4.2
"281",7996,0.862818658351898,0.0300804115831852,0.0169329270720482,1,0,0,1,1,1,"Michael Parensen",0.492857142857143,0.25,0,0.909831997007132,1,3,3
"282",7997,0.0172108374536037,0.581449508666992,0,0,0,0,1,1,0,"Julian Ryerson",0.492857142857143,0.285714285714286,0.0129717071325647,0.598660346120596,0,2,Inf
"283",8044,0.581682622432709,2.07695024460554,0,1,3,0,1,10,0,"Joshua Zirkzee",0.557142857142857,0.357142857142857,0.123742199430533,2.65863286703825,4,11,2.75
"284",8053,0.188112935051322,0.372298268601298,0.0334855578839779,0,0,0,5,9,1,"Nana Ampomah",0.521428571428571,0.285714285714286,0.0898706232580228,0.593896761536598,0,15,Inf
"285",8070,0.493993312120438,0.0260699484497309,0,0,0,0,1,1,0,"Mateu Morey",0.492857142857143,0.285714285714286,0.0129717071325647,0.520063260570168,0,2,Inf
"286",8137,0.0860749781131744,0.913499623537064,0,0,0,0,1,4,0,"Maximilian Beier",0.514285714285714,0.285714285714286,0.0467701551967641,0.999574601650238,0,5,Inf
"287",8140,0.702134966850281,2.47532200906426,0.765940288081765,1,3,0,3,14,7,"Munas Dabbur",0.571428571428571,0.357142857142857,0.125094613360336,3.9433972639963,4,24,6
"288",8146,2.46744698472321,0.0364118032157421,0.124162551015615,2,0,0,15,1,2,"Ismail Jakobs",0.392857142857143,0.214285714285714,0.175478001543625,2.62802133895457,2,18,9
"289",8191,0.0510986857116222,0.174670800566673,0,0,0,0,1,3,0,"Giovanni Reyna",0.507142857142857,0.285714285714286,0.034319911152729,0.225769486278296,0,4,Inf
"290",8260,6.09265588968992,2.630744561553,0.165944941341877,9,3,1,26,5,2,"Erling Haaland",0.342857142857143,0.0714285714285714,0.293802723581053,8.8893453925848,13,33,2.53846153846154
"291",8292,0.18314890190959,1.67147462815046,0.0685607120394707,0,3,0,3,17,1,"Dani Olmo",0.592857142857143,0.392857142857143,0.195868482387369,1.92318424209952,3,21,7
"292",8301,0.0157662164419889,0.0162551999092102,0,0,0,0,1,1,0,"Antony Evans",0.492857142857143,0.285714285714286,0.0129717071325647,0.0320214163511992,0,2,Inf
"293",8325,0.163817128166556,0.0728385467082262,0,0,0,0,2,3,0,"Exequiel Palacios",0.5,0.285714285714286,0.034319911152729,0.236655674874783,0,5,Inf
"294",8397,0.0970907658338547,0.213463760912418,0,1,0,0,1,3,0,"Florian Wirtz",0.507142857142857,0.25,0.034319911152729,0.310554526746273,1,4,4
